method,mae,mae_std,mse,mse_std,psnr,psnr_std,ssim,ssim_std
noisy,0.004404190568149917,0.0010166214474517953,3.69507971299754e-05,1.592471469280416e-05,44.7987567998348,2.1529672762116645,0.9551949575035307,0.021398706479970917
model,0.003044755914662447,0.0005596612884145055,2.0023981536117694e-05,7.369327118423744e-06,47.275362945169896,1.596428823914183,0.9911574483052615,0.005391452060640323
