method,mae,mae_std,mse,mse_std,psnr,psnr_std,ssim,ssim_std
noisy,0.004404190568149917,0.0010166214474517953,3.69507971299754e-05,1.592471469280416e-05,44.7987567998348,2.1529672762116645,0.9551949575035307,0.021398706479970917
model,0.0027853614159135355,0.0004672822840755164,1.7878536143851104e-05,6.231817547486505e-06,47.7426864281715,1.5373745870866795,0.994873176001039,0.002652631058613053
