method,mae,mae_std,mse,mse_std,psnr,psnr_std,ssim,ssim_std
noisy,0.004404190568149917,0.0010166214474517953,3.69507971299754e-05,1.592471469280416e-05,44.7987567998348,2.1529672762116645,0.9551949575035307,0.021398706479970917
model,0.0027449591460430786,0.0004606551941672783,1.739108746632054e-05,6.173260127106432e-06,47.87190051431406,1.562376503293667,0.995029871416114,0.0025052447032652726
